{
  "element_id": "page_0001_elem_0007",
  "type": "sub_title",
  "page": 1,
  "index": 7,
  "bounding_boxes": [
    {
      "x1": 134,
      "y1": 1819,
      "x2": 394,
      "y2": 1849
    }
  ],
  "bounding_boxes_normalized": [
    {
      "x1": 0.07882352941176471,
      "y1": 0.8268181818181818,
      "x2": 0.23176470588235293,
      "y2": 0.8404545454545455
    }
  ],
  "metrics": {
    "num_boxes": 1,
    "total_area": 7800,
    "width": 260,
    "height": 30,
    "aspect_ratio": 8.666666666666666
  },
  "image_dimensions": {
    "width": 1700,
    "height": 2200
  },
  "cropped_image": {
    "filename": "page_0001_elem_0007_sub_title.jpg",
    "width": 260,
    "height": 30,
    "padding": 0
  }
}