{
  "element_id": "page_0001_elem_0006",
  "type": "text",
  "page": 1,
  "index": 6,
  "bounding_boxes": [
    {
      "x1": 134,
      "y1": 1299,
      "x2": 832,
      "y2": 1796
    }
  ],
  "bounding_boxes_normalized": [
    {
      "x1": 0.07882352941176471,
      "y1": 0.5904545454545455,
      "x2": 0.4894117647058824,
      "y2": 0.8163636363636364
    }
  ],
  "metrics": {
    "num_boxes": 1,
    "total_area": 346906,
    "width": 698,
    "height": 497,
    "aspect_ratio": 1.404426559356137
  },
  "image_dimensions": {
    "width": 1700,
    "height": 2200
  },
  "cropped_image": {
    "filename": "page_0001_elem_0006_text.jpg",
    "width": 698,
    "height": 497,
    "padding": 0
  }
}