{
  "element_id": "page_0001_elem_0001",
  "type": "image_caption",
  "page": 1,
  "index": 1,
  "bounding_boxes": [
    {
      "x1": 131,
      "y1": 515,
      "x2": 832,
      "y2": 581
    }
  ],
  "bounding_boxes_normalized": [
    {
      "x1": 0.07705882352941176,
      "y1": 0.2340909090909091,
      "x2": 0.4894117647058824,
      "y2": 0.2640909090909091
    }
  ],
  "metrics": {
    "num_boxes": 1,
    "total_area": 46266,
    "width": 701,
    "height": 66,
    "aspect_ratio": 10.621212121212121
  },
  "image_dimensions": {
    "width": 1700,
    "height": 2200
  },
  "cropped_image": {
    "filename": "page_0001_elem_0001_image_caption.jpg",
    "width": 701,
    "height": 66,
    "padding": 0
  }
}