{
  "element_id": "page_0001_elem_0016",
  "type": "text",
  "page": 1,
  "index": 16,
  "bounding_boxes": [
    {
      "x1": 862,
      "y1": 1827,
      "x2": 1563,
      "y2": 1992
    }
  ],
  "bounding_boxes_normalized": [
    {
      "x1": 0.5070588235294118,
      "y1": 0.8304545454545454,
      "x2": 0.9194117647058824,
      "y2": 0.9054545454545454
    }
  ],
  "metrics": {
    "num_boxes": 1,
    "total_area": 115665,
    "width": 701,
    "height": 165,
    "aspect_ratio": 4.248484848484848
  },
  "image_dimensions": {
    "width": 1700,
    "height": 2200
  },
  "cropped_image": {
    "filename": "page_0001_elem_0016_text.jpg",
    "width": 701,
    "height": 165,
    "padding": 0
  }
}