{
  "element_id": "page_0001_elem_0008",
  "type": "text",
  "page": 1,
  "index": 8,
  "bounding_boxes": [
    {
      "x1": 132,
      "y1": 1860,
      "x2": 832,
      "y2": 1990
    }
  ],
  "bounding_boxes_normalized": [
    {
      "x1": 0.07764705882352942,
      "y1": 0.8454545454545455,
      "x2": 0.4894117647058824,
      "y2": 0.9045454545454545
    }
  ],
  "metrics": {
    "num_boxes": 1,
    "total_area": 91000,
    "width": 700,
    "height": 130,
    "aspect_ratio": 5.384615384615385
  },
  "image_dimensions": {
    "width": 1700,
    "height": 2200
  },
  "cropped_image": {
    "filename": "page_0001_elem_0008_text.jpg",
    "width": 700,
    "height": 130,
    "padding": 0
  }
}