{
  "element_id": "page_0001_elem_0009",
  "type": "table",
  "page": 1,
  "index": 9,
  "bounding_boxes": [
    {
      "x1": 861,
      "y1": 273,
      "x2": 1689,
      "y2": 506
    }
  ],
  "bounding_boxes_normalized": [
    {
      "x1": 0.5064705882352941,
      "y1": 0.12409090909090909,
      "x2": 0.9935294117647059,
      "y2": 0.23
    }
  ],
  "metrics": {
    "num_boxes": 1,
    "total_area": 192924,
    "width": 828,
    "height": 233,
    "aspect_ratio": 3.5536480686695278
  },
  "image_dimensions": {
    "width": 1700,
    "height": 2200
  },
  "cropped_image": {
    "filename": "page_0001_elem_0009_table.jpg",
    "width": 828,
    "height": 233,
    "padding": 0
  }
}