{
  "element_id": "page_0001_elem_0006",
  "type": "text",
  "page": 1,
  "index": 6,
  "bounding_boxes": [
    {
      "x1": 131,
      "y1": 1896,
      "x2": 830,
      "y2": 1992
    },
    {
      "x1": 864,
      "y1": 134,
      "x2": 1562,
      "y2": 497
    }
  ],
  "bounding_boxes_normalized": [
    {
      "x1": 0.07705882352941176,
      "y1": 0.8618181818181818,
      "x2": 0.48823529411764705,
      "y2": 0.9054545454545454
    },
    {
      "x1": 0.508235294117647,
      "y1": 0.060909090909090906,
      "x2": 0.9188235294117647,
      "y2": 0.22590909090909092
    }
  ],
  "metrics": {
    "num_boxes": 2,
    "total_area": 320478,
    "width": 1431,
    "height": 1858,
    "aspect_ratio": 0.7701829924650161
  },
  "image_dimensions": {
    "width": 1700,
    "height": 2200
  },
  "cropped_image": {
    "filename": "page_0001_elem_0006_text.jpg",
    "width": 1431,
    "height": 1858,
    "padding": 0
  }
}