{
  "element_id": "page_0001_elem_0004",
  "type": "sub_title",
  "page": 1,
  "index": 4,
  "bounding_boxes": [
    {
      "x1": 134,
      "y1": 1156,
      "x2": 428,
      "y2": 1186
    }
  ],
  "bounding_boxes_normalized": [
    {
      "x1": 0.07882352941176471,
      "y1": 0.5254545454545455,
      "x2": 0.25176470588235295,
      "y2": 0.5390909090909091
    }
  ],
  "metrics": {
    "num_boxes": 1,
    "total_area": 8820,
    "width": 294,
    "height": 30,
    "aspect_ratio": 9.8
  },
  "image_dimensions": {
    "width": 1700,
    "height": 2200
  },
  "cropped_image": {
    "filename": "page_0001_elem_0004_sub_title.jpg",
    "width": 294,
    "height": 30,
    "padding": 0
  }
}