{
  "element_id": "page_0001_elem_0002",
  "type": "sub_title",
  "page": 1,
  "index": 2,
  "bounding_boxes": [
    {
      "x1": 132,
      "y1": 794,
      "x2": 796,
      "y2": 825
    }
  ],
  "bounding_boxes_normalized": [
    {
      "x1": 0.07764705882352942,
      "y1": 0.3609090909090909,
      "x2": 0.4682352941176471,
      "y2": 0.375
    }
  ],
  "metrics": {
    "num_boxes": 1,
    "total_area": 20584,
    "width": 664,
    "height": 31,
    "aspect_ratio": 21.419354838709676
  },
  "image_dimensions": {
    "width": 1700,
    "height": 2200
  },
  "cropped_image": {
    "filename": "page_0001_elem_0002_sub_title.jpg",
    "width": 664,
    "height": 31,
    "padding": 0
  }
}