{
  "element_id": "page_0001_elem_0010",
  "type": "sub_title",
  "page": 1,
  "index": 10,
  "bounding_boxes": [
    {
      "x1": 864,
      "y1": 1587,
      "x2": 1007,
      "y2": 1616
    }
  ],
  "bounding_boxes_normalized": [
    {
      "x1": 0.508235294117647,
      "y1": 0.7213636363636363,
      "x2": 0.5923529411764706,
      "y2": 0.7345454545454545
    }
  ],
  "metrics": {
    "num_boxes": 1,
    "total_area": 4147,
    "width": 143,
    "height": 29,
    "aspect_ratio": 4.931034482758621
  },
  "image_dimensions": {
    "width": 1700,
    "height": 2200
  },
  "cropped_image": {
    "filename": "page_0001_elem_0010_sub_title.jpg",
    "width": 143,
    "height": 29,
    "padding": 0
  }
}