{
  "element_id": "page_0001_elem_0005",
  "type": "text",
  "page": 1,
  "index": 5,
  "bounding_boxes": [
    {
      "x1": 134,
      "y1": 1495,
      "x2": 833,
      "y2": 1792
    }
  ],
  "bounding_boxes_normalized": [
    {
      "x1": 0.07882352941176471,
      "y1": 0.6795454545454546,
      "x2": 0.49,
      "y2": 0.8145454545454546
    }
  ],
  "metrics": {
    "num_boxes": 1,
    "total_area": 207603,
    "width": 699,
    "height": 297,
    "aspect_ratio": 2.3535353535353534
  },
  "image_dimensions": {
    "width": 1700,
    "height": 2200
  },
  "cropped_image": {
    "filename": "page_0001_elem_0005_text.jpg",
    "width": 699,
    "height": 297,
    "padding": 0
  }
}