{
  "element_id": "page_0001_elem_0002",
  "type": "image",
  "page": 1,
  "index": 2,
  "bounding_boxes": [
    {
      "x1": 168,
      "y1": 687,
      "x2": 796,
      "y2": 1004
    }
  ],
  "bounding_boxes_normalized": [
    {
      "x1": 0.0988235294117647,
      "y1": 0.31227272727272726,
      "x2": 0.4682352941176471,
      "y2": 0.45636363636363636
    }
  ],
  "metrics": {
    "num_boxes": 1,
    "total_area": 199076,
    "width": 628,
    "height": 317,
    "aspect_ratio": 1.9810725552050472
  },
  "image_dimensions": {
    "width": 1700,
    "height": 2200
  },
  "cropped_image": {
    "filename": "page_0001_elem_0002_image.jpg",
    "width": 628,
    "height": 317,
    "padding": 0
  }
}