{
  "element_id": "page_0001_elem_0011",
  "type": "text",
  "page": 1,
  "index": 11,
  "bounding_boxes": [
    {
      "x1": 861,
      "y1": 1068,
      "x2": 1563,
      "y2": 1134
    }
  ],
  "bounding_boxes_normalized": [
    {
      "x1": 0.5064705882352941,
      "y1": 0.48545454545454547,
      "x2": 0.9194117647058824,
      "y2": 0.5154545454545455
    }
  ],
  "metrics": {
    "num_boxes": 1,
    "total_area": 46332,
    "width": 702,
    "height": 66,
    "aspect_ratio": 10.636363636363637
  },
  "image_dimensions": {
    "width": 1700,
    "height": 2200
  },
  "cropped_image": {
    "filename": "page_0001_elem_0011_text.jpg",
    "width": 702,
    "height": 66,
    "padding": 0
  }
}