{
  "element_id": "page_0001_elem_0012",
  "type": "sub_title",
  "page": 1,
  "index": 12,
  "bounding_boxes": [
    {
      "x1": 862,
      "y1": 1156,
      "x2": 1010,
      "y2": 1186
    }
  ],
  "bounding_boxes_normalized": [
    {
      "x1": 0.5070588235294118,
      "y1": 0.5254545454545455,
      "x2": 0.5941176470588235,
      "y2": 0.5390909090909091
    }
  ],
  "metrics": {
    "num_boxes": 1,
    "total_area": 4440,
    "width": 148,
    "height": 30,
    "aspect_ratio": 4.933333333333334
  },
  "image_dimensions": {
    "width": 1700,
    "height": 2200
  },
  "cropped_image": {
    "filename": "page_0001_elem_0012_sub_title.jpg",
    "width": 148,
    "height": 30,
    "padding": 0
  }
}