{
  "element_id": "page_0001_elem_0011",
  "type": "text",
  "page": 1,
  "index": 11,
  "bounding_boxes": [
    {
      "x1": 864,
      "y1": 1929,
      "x2": 1560,
      "y2": 1992
    }
  ],
  "bounding_boxes_normalized": [
    {
      "x1": 0.508235294117647,
      "y1": 0.8768181818181818,
      "x2": 0.9176470588235294,
      "y2": 0.9054545454545454
    }
  ],
  "metrics": {
    "num_boxes": 1,
    "total_area": 43848,
    "width": 696,
    "height": 63,
    "aspect_ratio": 11.047619047619047
  },
  "image_dimensions": {
    "width": 1700,
    "height": 2200
  },
  "cropped_image": {
    "filename": "page_0001_elem_0011_text.jpg",
    "width": 696,
    "height": 63,
    "padding": 0
  }
}