{
  "element_id": "page_0001_elem_0005",
  "type": "text",
  "page": 1,
  "index": 5,
  "bounding_boxes": [
    {
      "x1": 862,
      "y1": 134,
      "x2": 1562,
      "y2": 332
    }
  ],
  "bounding_boxes_normalized": [
    {
      "x1": 0.5070588235294118,
      "y1": 0.060909090909090906,
      "x2": 0.9188235294117647,
      "y2": 0.1509090909090909
    }
  ],
  "metrics": {
    "num_boxes": 1,
    "total_area": 138600,
    "width": 700,
    "height": 198,
    "aspect_ratio": 3.5353535353535355
  },
  "image_dimensions": {
    "width": 1700,
    "height": 2200
  },
  "cropped_image": {
    "filename": "page_0001_elem_0005_text.jpg",
    "width": 700,
    "height": 198,
    "padding": 0
  }
}