{
  "element_id": "page_0001_elem_0000",
  "type": "text",
  "page": 1,
  "index": 0,
  "bounding_boxes": [
    {
      "x1": 134,
      "y1": 136,
      "x2": 832,
      "y2": 535
    }
  ],
  "bounding_boxes_normalized": [
    {
      "x1": 0.07882352941176471,
      "y1": 0.06181818181818182,
      "x2": 0.4894117647058824,
      "y2": 0.2431818181818182
    }
  ],
  "metrics": {
    "num_boxes": 1,
    "total_area": 278502,
    "width": 698,
    "height": 399,
    "aspect_ratio": 1.74937343358396
  },
  "image_dimensions": {
    "width": 1700,
    "height": 2200
  },
  "cropped_image": {
    "filename": "page_0001_elem_0000_text.jpg",
    "width": 698,
    "height": 399,
    "padding": 0
  }
}