{
  "element_id": "page_0001_elem_0000",
  "type": "title",
  "page": 1,
  "index": 0,
  "bounding_boxes": [
    {
      "x1": 192,
      "y1": 264,
      "x2": 1592,
      "y2": 376
    }
  ],
  "bounding_boxes_normalized": [
    {
      "x1": 0.11294117647058824,
      "y1": 0.12,
      "x2": 0.9364705882352942,
      "y2": 0.1709090909090909
    }
  ],
  "metrics": {
    "num_boxes": 1,
    "total_area": 156800,
    "width": 1400,
    "height": 112,
    "aspect_ratio": 12.5
  },
  "image_dimensions": {
    "width": 1700,
    "height": 2200
  },
  "cropped_image": {
    "filename": "page_0001_elem_0000_title.jpg",
    "width": 1400,
    "height": 112,
    "padding": 0
  }
}