{
  "element_id": "page_0001_elem_0007",
  "type": "text",
  "page": 1,
  "index": 7,
  "bounding_boxes": [
    {
      "x1": 193,
      "y1": 1812,
      "x2": 1580,
      "y2": 1922
    }
  ],
  "bounding_boxes_normalized": [
    {
      "x1": 0.11352941176470588,
      "y1": 0.8236363636363636,
      "x2": 0.9294117647058824,
      "y2": 0.8736363636363637
    }
  ],
  "metrics": {
    "num_boxes": 1,
    "total_area": 152570,
    "width": 1387,
    "height": 110,
    "aspect_ratio": 12.60909090909091
  },
  "image_dimensions": {
    "width": 1700,
    "height": 2200
  },
  "cropped_image": {
    "filename": "page_0001_elem_0007_text.jpg",
    "width": 1387,
    "height": 110,
    "padding": 0
  }
}