{
  "element_id": "page_0001_elem_0008",
  "type": "text",
  "page": 1,
  "index": 8,
  "bounding_boxes": [
    {
      "x1": 190,
      "y1": 1924,
      "x2": 1579,
      "y2": 1999
    }
  ],
  "bounding_boxes_normalized": [
    {
      "x1": 0.11176470588235295,
      "y1": 0.8745454545454545,
      "x2": 0.9288235294117647,
      "y2": 0.9086363636363637
    }
  ],
  "metrics": {
    "num_boxes": 1,
    "total_area": 104175,
    "width": 1389,
    "height": 75,
    "aspect_ratio": 18.52
  },
  "image_dimensions": {
    "width": 1700,
    "height": 2200
  },
  "cropped_image": {
    "filename": "page_0001_elem_0008_text.jpg",
    "width": 1389,
    "height": 75,
    "padding": 0
  }
}