{
  "element_id": "page_0001_elem_0006",
  "type": "text",
  "page": 1,
  "index": 6,
  "bounding_boxes": [
    {
      "x1": 192,
      "y1": 1803,
      "x2": 1579,
      "y2": 1955
    }
  ],
  "bounding_boxes_normalized": [
    {
      "x1": 0.11294117647058824,
      "y1": 0.8195454545454546,
      "x2": 0.9288235294117647,
      "y2": 0.8886363636363637
    }
  ],
  "metrics": {
    "num_boxes": 1,
    "total_area": 210824,
    "width": 1387,
    "height": 152,
    "aspect_ratio": 9.125
  },
  "image_dimensions": {
    "width": 1700,
    "height": 2200
  },
  "cropped_image": {
    "filename": "page_0001_elem_0006_text.jpg",
    "width": 1387,
    "height": 152,
    "padding": 0
  }
}