{
  "element_id": "page_0001_elem_0005",
  "type": "text",
  "page": 1,
  "index": 5,
  "bounding_boxes": [
    {
      "x1": 192,
      "y1": 1460,
      "x2": 1582,
      "y2": 1761
    }
  ],
  "bounding_boxes_normalized": [
    {
      "x1": 0.11294117647058824,
      "y1": 0.6636363636363637,
      "x2": 0.9305882352941176,
      "y2": 0.8004545454545454
    }
  ],
  "metrics": {
    "num_boxes": 1,
    "total_area": 418390,
    "width": 1390,
    "height": 301,
    "aspect_ratio": 4.617940199335548
  },
  "image_dimensions": {
    "width": 1700,
    "height": 2200
  },
  "cropped_image": {
    "filename": "page_0001_elem_0005_text.jpg",
    "width": 1390,
    "height": 301,
    "padding": 0
  }
}