{
  "element_id": "page_0001_elem_0000",
  "type": "title",
  "page": 1,
  "index": 0,
  "bounding_boxes": [
    {
      "x1": 171,
      "y1": 138,
      "x2": 1523,
      "y2": 292
    }
  ],
  "bounding_boxes_normalized": [
    {
      "x1": 0.10058823529411764,
      "y1": 0.06272727272727273,
      "x2": 0.8958823529411765,
      "y2": 0.13272727272727272
    }
  ],
  "metrics": {
    "num_boxes": 1,
    "total_area": 208208,
    "width": 1352,
    "height": 154,
    "aspect_ratio": 8.779220779220779
  },
  "image_dimensions": {
    "width": 1700,
    "height": 2200
  },
  "cropped_image": {
    "filename": "page_0001_elem_0000_title.jpg",
    "width": 1352,
    "height": 154,
    "padding": 0
  }
}