{
  "element_id": "page_0001_elem_0009",
  "type": "text",
  "page": 1,
  "index": 9,
  "bounding_boxes": [
    {
      "x1": 862,
      "y1": 136,
      "x2": 1562,
      "y2": 266
    }
  ],
  "bounding_boxes_normalized": [
    {
      "x1": 0.5070588235294118,
      "y1": 0.06181818181818182,
      "x2": 0.9188235294117647,
      "y2": 0.12090909090909091
    }
  ],
  "metrics": {
    "num_boxes": 1,
    "total_area": 91000,
    "width": 700,
    "height": 130,
    "aspect_ratio": 5.384615384615385
  },
  "image_dimensions": {
    "width": 1700,
    "height": 2200
  },
  "cropped_image": {
    "filename": "page_0001_elem_0009_text.jpg",
    "width": 700,
    "height": 130,
    "padding": 0
  }
}