{
  "element_id": "page_0001_elem_0006",
  "type": "sub_title",
  "page": 1,
  "index": 6,
  "bounding_boxes": [
    {
      "x1": 132,
      "y1": 1257,
      "x2": 272,
      "y2": 1286
    }
  ],
  "bounding_boxes_normalized": [
    {
      "x1": 0.07764705882352942,
      "y1": 0.5713636363636364,
      "x2": 0.16,
      "y2": 0.5845454545454546
    }
  ],
  "metrics": {
    "num_boxes": 1,
    "total_area": 4060,
    "width": 140,
    "height": 29,
    "aspect_ratio": 4.827586206896552
  },
  "image_dimensions": {
    "width": 1700,
    "height": 2200
  },
  "cropped_image": {
    "filename": "page_0001_elem_0006_sub_title.jpg",
    "width": 140,
    "height": 29,
    "padding": 0
  }
}