{
  "element_id": "page_0001_elem_0014",
  "type": "text",
  "page": 1,
  "index": 14,
  "bounding_boxes": [
    {
      "x1": 864,
      "y1": 1766,
      "x2": 1560,
      "y2": 1830
    }
  ],
  "bounding_boxes_normalized": [
    {
      "x1": 0.508235294117647,
      "y1": 0.8027272727272727,
      "x2": 0.9176470588235294,
      "y2": 0.8318181818181818
    }
  ],
  "metrics": {
    "num_boxes": 1,
    "total_area": 44544,
    "width": 696,
    "height": 64,
    "aspect_ratio": 10.875
  },
  "image_dimensions": {
    "width": 1700,
    "height": 2200
  },
  "cropped_image": {
    "filename": "page_0001_elem_0014_text.jpg",
    "width": 696,
    "height": 64,
    "padding": 0
  }
}