{
  "element_id": "page_0001_elem_0015",
  "type": "text",
  "page": 1,
  "index": 15,
  "bounding_boxes": [
    {
      "x1": 864,
      "y1": 1407,
      "x2": 1562,
      "y2": 1638
    }
  ],
  "bounding_boxes_normalized": [
    {
      "x1": 0.508235294117647,
      "y1": 0.6395454545454545,
      "x2": 0.9188235294117647,
      "y2": 0.7445454545454545
    }
  ],
  "metrics": {
    "num_boxes": 1,
    "total_area": 161238,
    "width": 698,
    "height": 231,
    "aspect_ratio": 3.0216450216450217
  },
  "image_dimensions": {
    "width": 1700,
    "height": 2200
  },
  "cropped_image": {
    "filename": "page_0001_elem_0015_text.jpg",
    "width": 698,
    "height": 231,
    "padding": 0
  }
}