{
  "element_id": "page_0001_elem_0004",
  "type": "text",
  "page": 1,
  "index": 4,
  "bounding_boxes": [
    {
      "x1": 134,
      "y1": 1250,
      "x2": 832,
      "y2": 1416
    }
  ],
  "bounding_boxes_normalized": [
    {
      "x1": 0.07882352941176471,
      "y1": 0.5681818181818182,
      "x2": 0.4894117647058824,
      "y2": 0.6436363636363637
    }
  ],
  "metrics": {
    "num_boxes": 1,
    "total_area": 115868,
    "width": 698,
    "height": 166,
    "aspect_ratio": 4.204819277108434
  },
  "image_dimensions": {
    "width": 1700,
    "height": 2200
  },
  "cropped_image": {
    "filename": "page_0001_elem_0004_text.jpg",
    "width": 698,
    "height": 166,
    "padding": 0
  }
}