{
  "element_id": "page_0001_elem_0000",
  "type": "image",
  "page": 1,
  "index": 0,
  "bounding_boxes": [
    {
      "x1": 170,
      "y1": 160,
      "x2": 775,
      "y2": 539
    }
  ],
  "bounding_boxes_normalized": [
    {
      "x1": 0.1,
      "y1": 0.07272727272727272,
      "x2": 0.45588235294117646,
      "y2": 0.245
    }
  ],
  "metrics": {
    "num_boxes": 1,
    "total_area": 229295,
    "width": 605,
    "height": 379,
    "aspect_ratio": 1.596306068601583
  },
  "image_dimensions": {
    "width": 1700,
    "height": 2200
  },
  "cropped_image": {
    "filename": "page_0001_elem_0000_image.jpg",
    "width": 605,
    "height": 379,
    "padding": 0
  }
}