{
  "element_id": "page_0001_elem_0019",
  "type": "text",
  "page": 1,
  "index": 19,
  "bounding_boxes": [
    {
      "x1": 862,
      "y1": 1561,
      "x2": 1563,
      "y2": 1625
    }
  ],
  "bounding_boxes_normalized": [
    {
      "x1": 0.5070588235294118,
      "y1": 0.7095454545454546,
      "x2": 0.9194117647058824,
      "y2": 0.7386363636363636
    }
  ],
  "metrics": {
    "num_boxes": 1,
    "total_area": 44864,
    "width": 701,
    "height": 64,
    "aspect_ratio": 10.953125
  },
  "image_dimensions": {
    "width": 1700,
    "height": 2200
  },
  "cropped_image": {
    "filename": "page_0001_elem_0019_text.jpg",
    "width": 701,
    "height": 64,
    "padding": 0
  }
}