{
  "element_id": "page_0001_elem_0002",
  "type": "text",
  "page": 1,
  "index": 2,
  "bounding_boxes": [
    {
      "x1": 134,
      "y1": 442,
      "x2": 833,
      "y2": 739
    }
  ],
  "bounding_boxes_normalized": [
    {
      "x1": 0.07882352941176471,
      "y1": 0.2009090909090909,
      "x2": 0.49,
      "y2": 0.33590909090909093
    }
  ],
  "metrics": {
    "num_boxes": 1,
    "total_area": 207603,
    "width": 699,
    "height": 297,
    "aspect_ratio": 2.3535353535353534
  },
  "image_dimensions": {
    "width": 1700,
    "height": 2200
  },
  "cropped_image": {
    "filename": "page_0001_elem_0002_text.jpg",
    "width": 699,
    "height": 297,
    "padding": 0
  }
}