{
  "element_id": "page_0001_elem_0020",
  "type": "text",
  "page": 1,
  "index": 20,
  "bounding_boxes": [
    {
      "x1": 862,
      "y1": 1631,
      "x2": 1563,
      "y2": 1992
    }
  ],
  "bounding_boxes_normalized": [
    {
      "x1": 0.5070588235294118,
      "y1": 0.7413636363636363,
      "x2": 0.9194117647058824,
      "y2": 0.9054545454545454
    }
  ],
  "metrics": {
    "num_boxes": 1,
    "total_area": 253061,
    "width": 701,
    "height": 361,
    "aspect_ratio": 1.9418282548476453
  },
  "image_dimensions": {
    "width": 1700,
    "height": 2200
  },
  "cropped_image": {
    "filename": "page_0001_elem_0020_text.jpg",
    "width": 701,
    "height": 361,
    "padding": 0
  }
}