{
  "element_id": "page_0001_elem_0016",
  "type": "text",
  "page": 1,
  "index": 16,
  "bounding_boxes": [
    {
      "x1": 862,
      "y1": 1156,
      "x2": 1563,
      "y2": 1255
    }
  ],
  "bounding_boxes_normalized": [
    {
      "x1": 0.5070588235294118,
      "y1": 0.5254545454545455,
      "x2": 0.9194117647058824,
      "y2": 0.5704545454545454
    }
  ],
  "metrics": {
    "num_boxes": 1,
    "total_area": 69399,
    "width": 701,
    "height": 99,
    "aspect_ratio": 7.08080808080808
  },
  "image_dimensions": {
    "width": 1700,
    "height": 2200
  },
  "cropped_image": {
    "filename": "page_0001_elem_0016_text.jpg",
    "width": 701,
    "height": 99,
    "padding": 0
  }
}