{
  "element_id": "page_0001_elem_0008",
  "type": "text",
  "page": 1,
  "index": 8,
  "bounding_boxes": [
    {
      "x1": 132,
      "y1": 1733,
      "x2": 832,
      "y2": 1992
    }
  ],
  "bounding_boxes_normalized": [
    {
      "x1": 0.07764705882352942,
      "y1": 0.7877272727272727,
      "x2": 0.4894117647058824,
      "y2": 0.9054545454545454
    }
  ],
  "metrics": {
    "num_boxes": 1,
    "total_area": 181300,
    "width": 700,
    "height": 259,
    "aspect_ratio": 2.7027027027027026
  },
  "image_dimensions": {
    "width": 1700,
    "height": 2200
  },
  "cropped_image": {
    "filename": "page_0001_elem_0008_text.jpg",
    "width": 700,
    "height": 259,
    "padding": 0
  }
}