{
  "element_id": "page_0001_elem_0011",
  "type": "text",
  "page": 1,
  "index": 11,
  "bounding_boxes": [
    {
      "x1": 862,
      "y1": 436,
      "x2": 1560,
      "y2": 502
    }
  ],
  "bounding_boxes_normalized": [
    {
      "x1": 0.5070588235294118,
      "y1": 0.19818181818181818,
      "x2": 0.9176470588235294,
      "y2": 0.22818181818181818
    }
  ],
  "metrics": {
    "num_boxes": 1,
    "total_area": 46068,
    "width": 698,
    "height": 66,
    "aspect_ratio": 10.575757575757576
  },
  "image_dimensions": {
    "width": 1700,
    "height": 2200
  },
  "cropped_image": {
    "filename": "page_0001_elem_0011_text.jpg",
    "width": 698,
    "height": 66,
    "padding": 0
  }
}