{
  "element_id": "page_0001_elem_0006",
  "type": "text",
  "page": 1,
  "index": 6,
  "bounding_boxes": [
    {
      "x1": 132,
      "y1": 1134,
      "x2": 832,
      "y2": 1495
    }
  ],
  "bounding_boxes_normalized": [
    {
      "x1": 0.07764705882352942,
      "y1": 0.5154545454545455,
      "x2": 0.4894117647058824,
      "y2": 0.6795454545454546
    }
  ],
  "metrics": {
    "num_boxes": 1,
    "total_area": 252700,
    "width": 700,
    "height": 361,
    "aspect_ratio": 1.9390581717451523
  },
  "image_dimensions": {
    "width": 1700,
    "height": 2200
  },
  "cropped_image": {
    "filename": "page_0001_elem_0006_text.jpg",
    "width": 700,
    "height": 361,
    "padding": 0
  }
}