{
  "element_id": "page_0001_elem_0007",
  "type": "text",
  "page": 1,
  "index": 7,
  "bounding_boxes": [
    {
      "x1": 132,
      "y1": 1499,
      "x2": 832,
      "y2": 1728
    }
  ],
  "bounding_boxes_normalized": [
    {
      "x1": 0.07764705882352942,
      "y1": 0.6813636363636364,
      "x2": 0.4894117647058824,
      "y2": 0.7854545454545454
    }
  ],
  "metrics": {
    "num_boxes": 1,
    "total_area": 160300,
    "width": 700,
    "height": 229,
    "aspect_ratio": 3.056768558951965
  },
  "image_dimensions": {
    "width": 1700,
    "height": 2200
  },
  "cropped_image": {
    "filename": "page_0001_elem_0007_text.jpg",
    "width": 700,
    "height": 229,
    "padding": 0
  }
}