{
  "element_id": "page_0001_elem_0005",
  "type": "text",
  "page": 1,
  "index": 5,
  "bounding_boxes": [
    {
      "x1": 132,
      "y1": 1032,
      "x2": 832,
      "y2": 1197
    }
  ],
  "bounding_boxes_normalized": [
    {
      "x1": 0.07764705882352942,
      "y1": 0.4690909090909091,
      "x2": 0.4894117647058824,
      "y2": 0.5440909090909091
    }
  ],
  "metrics": {
    "num_boxes": 1,
    "total_area": 115500,
    "width": 700,
    "height": 165,
    "aspect_ratio": 4.242424242424242
  },
  "image_dimensions": {
    "width": 1700,
    "height": 2200
  },
  "cropped_image": {
    "filename": "page_0001_elem_0005_text.jpg",
    "width": 700,
    "height": 165,
    "padding": 0
  }
}