{
  "element_id": "page_0001_elem_0010",
  "type": "sub_title",
  "page": 1,
  "index": 10,
  "bounding_boxes": [
    {
      "x1": 132,
      "y1": 1852,
      "x2": 410,
      "y2": 1882
    }
  ],
  "bounding_boxes_normalized": [
    {
      "x1": 0.07764705882352942,
      "y1": 0.8418181818181818,
      "x2": 0.2411764705882353,
      "y2": 0.8554545454545455
    }
  ],
  "metrics": {
    "num_boxes": 1,
    "total_area": 8340,
    "width": 278,
    "height": 30,
    "aspect_ratio": 9.266666666666667
  },
  "image_dimensions": {
    "width": 1700,
    "height": 2200
  },
  "cropped_image": {
    "filename": "page_0001_elem_0010_sub_title.jpg",
    "width": 278,
    "height": 30,
    "padding": 0
  }
}