{
  "element_id": "page_0001_elem_0006",
  "type": "sub_title",
  "page": 1,
  "index": 6,
  "bounding_boxes": [
    {
      "x1": 132,
      "y1": 1222,
      "x2": 403,
      "y2": 1253
    }
  ],
  "bounding_boxes_normalized": [
    {
      "x1": 0.07764705882352942,
      "y1": 0.5554545454545454,
      "x2": 0.23705882352941177,
      "y2": 0.5695454545454546
    }
  ],
  "metrics": {
    "num_boxes": 1,
    "total_area": 8401,
    "width": 271,
    "height": 31,
    "aspect_ratio": 8.741935483870968
  },
  "image_dimensions": {
    "width": 1700,
    "height": 2200
  },
  "cropped_image": {
    "filename": "page_0001_elem_0006_sub_title.jpg",
    "width": 271,
    "height": 31,
    "padding": 0
  }
}