{
  "element_id": "page_0001_elem_0002",
  "type": "sub_title",
  "page": 1,
  "index": 2,
  "bounding_boxes": [
    {
      "x1": 134,
      "y1": 625,
      "x2": 546,
      "y2": 656
    }
  ],
  "bounding_boxes_normalized": [
    {
      "x1": 0.07882352941176471,
      "y1": 0.2840909090909091,
      "x2": 0.3211764705882353,
      "y2": 0.29818181818181816
    }
  ],
  "metrics": {
    "num_boxes": 1,
    "total_area": 12772,
    "width": 412,
    "height": 31,
    "aspect_ratio": 13.290322580645162
  },
  "image_dimensions": {
    "width": 1700,
    "height": 2200
  },
  "cropped_image": {
    "filename": "page_0001_elem_0002_sub_title.jpg",
    "width": 412,
    "height": 31,
    "padding": 0
  }
}