{
  "element_id": "page_0001_elem_0008",
  "type": "sub_title",
  "page": 1,
  "index": 8,
  "bounding_boxes": [
    {
      "x1": 132,
      "y1": 1651,
      "x2": 566,
      "y2": 1682
    }
  ],
  "bounding_boxes_normalized": [
    {
      "x1": 0.07764705882352942,
      "y1": 0.7504545454545455,
      "x2": 0.33294117647058824,
      "y2": 0.7645454545454545
    }
  ],
  "metrics": {
    "num_boxes": 1,
    "total_area": 13454,
    "width": 434,
    "height": 31,
    "aspect_ratio": 14.0
  },
  "image_dimensions": {
    "width": 1700,
    "height": 2200
  },
  "cropped_image": {
    "filename": "page_0001_elem_0008_sub_title.jpg",
    "width": 434,
    "height": 31,
    "padding": 0
  }
}