{
  "element_id": "page_0001_elem_0012",
  "type": "sub_title",
  "page": 1,
  "index": 12,
  "bounding_boxes": [
    {
      "x1": 864,
      "y1": 257,
      "x2": 1429,
      "y2": 290
    }
  ],
  "bounding_boxes_normalized": [
    {
      "x1": 0.508235294117647,
      "y1": 0.11681818181818182,
      "x2": 0.8405882352941176,
      "y2": 0.1318181818181818
    }
  ],
  "metrics": {
    "num_boxes": 1,
    "total_area": 18645,
    "width": 565,
    "height": 33,
    "aspect_ratio": 17.12121212121212
  },
  "image_dimensions": {
    "width": 1700,
    "height": 2200
  },
  "cropped_image": {
    "filename": "page_0001_elem_0012_sub_title.jpg",
    "width": 565,
    "height": 33,
    "padding": 0
  }
}