{
  "element_id": "page_0001_elem_0019",
  "type": "text",
  "page": 1,
  "index": 19,
  "bounding_boxes": [
    {
      "x1": 864,
      "y1": 1297,
      "x2": 1563,
      "y2": 1596
    }
  ],
  "bounding_boxes_normalized": [
    {
      "x1": 0.508235294117647,
      "y1": 0.5895454545454546,
      "x2": 0.9194117647058824,
      "y2": 0.7254545454545455
    }
  ],
  "metrics": {
    "num_boxes": 1,
    "total_area": 209001,
    "width": 699,
    "height": 299,
    "aspect_ratio": 2.3377926421404682
  },
  "image_dimensions": {
    "width": 1700,
    "height": 2200
  },
  "cropped_image": {
    "filename": "page_0001_elem_0019_text.jpg",
    "width": 699,
    "height": 299,
    "padding": 0
  }
}