{
  "element_id": "page_0001_elem_0014",
  "type": "sub_title",
  "page": 1,
  "index": 14,
  "bounding_boxes": [
    {
      "x1": 864,
      "y1": 722,
      "x2": 1332,
      "y2": 755
    }
  ],
  "bounding_boxes_normalized": [
    {
      "x1": 0.508235294117647,
      "y1": 0.3281818181818182,
      "x2": 0.7835294117647059,
      "y2": 0.3431818181818182
    }
  ],
  "metrics": {
    "num_boxes": 1,
    "total_area": 15444,
    "width": 468,
    "height": 33,
    "aspect_ratio": 14.181818181818182
  },
  "image_dimensions": {
    "width": 1700,
    "height": 2200
  },
  "cropped_image": {
    "filename": "page_0001_elem_0014_sub_title.jpg",
    "width": 468,
    "height": 33,
    "padding": 0
  }
}