{
  "element_id": "page_0001_elem_0016",
  "type": "sub_title",
  "page": 1,
  "index": 16,
  "bounding_boxes": [
    {
      "x1": 864,
      "y1": 1151,
      "x2": 1315,
      "y2": 1182
    }
  ],
  "bounding_boxes_normalized": [
    {
      "x1": 0.508235294117647,
      "y1": 0.5231818181818182,
      "x2": 0.7735294117647059,
      "y2": 0.5372727272727272
    }
  ],
  "metrics": {
    "num_boxes": 1,
    "total_area": 13981,
    "width": 451,
    "height": 31,
    "aspect_ratio": 14.548387096774194
  },
  "image_dimensions": {
    "width": 1700,
    "height": 2200
  },
  "cropped_image": {
    "filename": "page_0001_elem_0016_sub_title.jpg",
    "width": 451,
    "height": 31,
    "padding": 0
  }
}