{
  "element_id": "page_0001_elem_0002",
  "type": "text",
  "page": 1,
  "index": 2,
  "bounding_boxes": [
    {
      "x1": 132,
      "y1": 750,
      "x2": 832,
      "y2": 916
    }
  ],
  "bounding_boxes_normalized": [
    {
      "x1": 0.07764705882352942,
      "y1": 0.3409090909090909,
      "x2": 0.4894117647058824,
      "y2": 0.4163636363636364
    }
  ],
  "metrics": {
    "num_boxes": 1,
    "total_area": 116200,
    "width": 700,
    "height": 166,
    "aspect_ratio": 4.216867469879518
  },
  "image_dimensions": {
    "width": 1700,
    "height": 2200
  },
  "cropped_image": {
    "filename": "page_0001_elem_0002_text.jpg",
    "width": 700,
    "height": 166,
    "padding": 0
  }
}