{
  "element_id": "page_0001_elem_0006",
  "type": "text",
  "page": 1,
  "index": 6,
  "bounding_boxes": [
    {
      "x1": 132,
      "y1": 1427,
      "x2": 832,
      "y2": 1658
    }
  ],
  "bounding_boxes_normalized": [
    {
      "x1": 0.07764705882352942,
      "y1": 0.6486363636363637,
      "x2": 0.4894117647058824,
      "y2": 0.7536363636363637
    }
  ],
  "metrics": {
    "num_boxes": 1,
    "total_area": 161700,
    "width": 700,
    "height": 231,
    "aspect_ratio": 3.0303030303030303
  },
  "image_dimensions": {
    "width": 1700,
    "height": 2200
  },
  "cropped_image": {
    "filename": "page_0001_elem_0006_text.jpg",
    "width": 700,
    "height": 231,
    "padding": 0
  }
}