{
  "element_id": "page_0001_elem_0018",
  "type": "text",
  "page": 1,
  "index": 18,
  "bounding_boxes": [
    {
      "x1": 862,
      "y1": 1896,
      "x2": 1562,
      "y2": 1992
    }
  ],
  "bounding_boxes_normalized": [
    {
      "x1": 0.5070588235294118,
      "y1": 0.8618181818181818,
      "x2": 0.9188235294117647,
      "y2": 0.9054545454545454
    }
  ],
  "metrics": {
    "num_boxes": 1,
    "total_area": 67200,
    "width": 700,
    "height": 96,
    "aspect_ratio": 7.291666666666667
  },
  "image_dimensions": {
    "width": 1700,
    "height": 2200
  },
  "cropped_image": {
    "filename": "page_0001_elem_0018_text.jpg",
    "width": 700,
    "height": 96,
    "padding": 0
  }
}