{
  "element_id": "page_0001_elem_0018",
  "type": "text",
  "page": 1,
  "index": 18,
  "bounding_boxes": [
    {
      "x1": 862,
      "y1": 1860,
      "x2": 1563,
      "y2": 1992
    }
  ],
  "bounding_boxes_normalized": [
    {
      "x1": 0.5070588235294118,
      "y1": 0.8454545454545455,
      "x2": 0.9194117647058824,
      "y2": 0.9054545454545454
    }
  ],
  "metrics": {
    "num_boxes": 1,
    "total_area": 92532,
    "width": 701,
    "height": 132,
    "aspect_ratio": 5.3106060606060606
  },
  "image_dimensions": {
    "width": 1700,
    "height": 2200
  },
  "cropped_image": {
    "filename": "page_0001_elem_0018_text.jpg",
    "width": 701,
    "height": 132,
    "padding": 0
  }
}