{
  "element_id": "page_0001_elem_0004",
  "type": "text",
  "page": 1,
  "index": 4,
  "bounding_boxes": [
    {
      "x1": 134,
      "y1": 1222,
      "x2": 832,
      "y2": 1788
    }
  ],
  "bounding_boxes_normalized": [
    {
      "x1": 0.07882352941176471,
      "y1": 0.5554545454545454,
      "x2": 0.4894117647058824,
      "y2": 0.8127272727272727
    }
  ],
  "metrics": {
    "num_boxes": 1,
    "total_area": 395068,
    "width": 698,
    "height": 566,
    "aspect_ratio": 1.2332155477031803
  },
  "image_dimensions": {
    "width": 1700,
    "height": 2200
  },
  "cropped_image": {
    "filename": "page_0001_elem_0004_text.jpg",
    "width": 698,
    "height": 566,
    "padding": 0
  }
}