{
  "element_id": "page_0001_elem_0000",
  "type": "image",
  "page": 1,
  "index": 0,
  "bounding_boxes": [
    {
      "x1": 132,
      "y1": 178,
      "x2": 825,
      "y2": 803
    }
  ],
  "bounding_boxes_normalized": [
    {
      "x1": 0.07764705882352942,
      "y1": 0.0809090909090909,
      "x2": 0.4852941176470588,
      "y2": 0.365
    }
  ],
  "metrics": {
    "num_boxes": 1,
    "total_area": 433125,
    "width": 693,
    "height": 625,
    "aspect_ratio": 1.1088
  },
  "image_dimensions": {
    "width": 1700,
    "height": 2200
  },
  "cropped_image": {
    "filename": "page_0001_elem_0000_image.jpg",
    "width": 693,
    "height": 625,
    "padding": 0
  }
}