{
  "element_id": "page_0001_elem_0007",
  "type": "text",
  "page": 1,
  "index": 7,
  "bounding_boxes": [
    {
      "x1": 862,
      "y1": 134,
      "x2": 1563,
      "y2": 332
    }
  ],
  "bounding_boxes_normalized": [
    {
      "x1": 0.5070588235294118,
      "y1": 0.060909090909090906,
      "x2": 0.9194117647058824,
      "y2": 0.1509090909090909
    }
  ],
  "metrics": {
    "num_boxes": 1,
    "total_area": 138798,
    "width": 701,
    "height": 198,
    "aspect_ratio": 3.54040404040404
  },
  "image_dimensions": {
    "width": 1700,
    "height": 2200
  },
  "cropped_image": {
    "filename": "page_0001_elem_0007_text.jpg",
    "width": 701,
    "height": 198,
    "padding": 0
  }
}