{
  "element_id": "page_0001_elem_0010",
  "type": "text",
  "page": 1,
  "index": 10,
  "bounding_boxes": [
    {
      "x1": 862,
      "y1": 581,
      "x2": 1563,
      "y2": 847
    }
  ],
  "bounding_boxes_normalized": [
    {
      "x1": 0.5070588235294118,
      "y1": 0.2640909090909091,
      "x2": 0.9194117647058824,
      "y2": 0.385
    }
  ],
  "metrics": {
    "num_boxes": 1,
    "total_area": 186466,
    "width": 701,
    "height": 266,
    "aspect_ratio": 2.6353383458646618
  },
  "image_dimensions": {
    "width": 1700,
    "height": 2200
  },
  "cropped_image": {
    "filename": "page_0001_elem_0010_text.jpg",
    "width": 701,
    "height": 266,
    "padding": 0
  }
}