{
  "element_id": "page_0001_elem_0000",
  "type": "text",
  "page": 1,
  "index": 0,
  "bounding_boxes": [
    {
      "x1": 134,
      "y1": 136,
      "x2": 830,
      "y2": 367
    }
  ],
  "bounding_boxes_normalized": [
    {
      "x1": 0.07882352941176471,
      "y1": 0.06181818181818182,
      "x2": 0.48823529411764705,
      "y2": 0.1668181818181818
    }
  ],
  "metrics": {
    "num_boxes": 1,
    "total_area": 160776,
    "width": 696,
    "height": 231,
    "aspect_ratio": 3.012987012987013
  },
  "image_dimensions": {
    "width": 1700,
    "height": 2200
  },
  "cropped_image": {
    "filename": "page_0001_elem_0000_text.jpg",
    "width": 696,
    "height": 231,
    "padding": 0
  }
}