{
  "element_id": "page_0001_elem_0010",
  "type": "text",
  "page": 1,
  "index": 10,
  "bounding_boxes": [
    {
      "x1": 862,
      "y1": 1598,
      "x2": 1562,
      "y2": 1992
    }
  ],
  "bounding_boxes_normalized": [
    {
      "x1": 0.5070588235294118,
      "y1": 0.7263636363636363,
      "x2": 0.9188235294117647,
      "y2": 0.9054545454545454
    }
  ],
  "metrics": {
    "num_boxes": 1,
    "total_area": 275800,
    "width": 700,
    "height": 394,
    "aspect_ratio": 1.7766497461928934
  },
  "image_dimensions": {
    "width": 1700,
    "height": 2200
  },
  "cropped_image": {
    "filename": "page_0001_elem_0010_text.jpg",
    "width": 700,
    "height": 394,
    "padding": 0
  }
}