{
  "element_id": "page_0001_elem_0001",
  "type": "text",
  "page": 1,
  "index": 1,
  "bounding_boxes": [
    {
      "x1": 132,
      "y1": 180,
      "x2": 832,
      "y2": 447
    }
  ],
  "bounding_boxes_normalized": [
    {
      "x1": 0.07764705882352942,
      "y1": 0.08181818181818182,
      "x2": 0.4894117647058824,
      "y2": 0.20318181818181819
    }
  ],
  "metrics": {
    "num_boxes": 1,
    "total_area": 186900,
    "width": 700,
    "height": 267,
    "aspect_ratio": 2.6217228464419478
  },
  "image_dimensions": {
    "width": 1700,
    "height": 2200
  },
  "cropped_image": {
    "filename": "page_0001_elem_0001_text.jpg",
    "width": 700,
    "height": 267,
    "padding": 0
  }
}