{
  "element_id": "page_0001_elem_0005",
  "type": "text",
  "page": 1,
  "index": 5,
  "bounding_boxes": [
    {
      "x1": 131,
      "y1": 770,
      "x2": 830,
      "y2": 968
    }
  ],
  "bounding_boxes_normalized": [
    {
      "x1": 0.07705882352941176,
      "y1": 0.35,
      "x2": 0.48823529411764705,
      "y2": 0.44
    }
  ],
  "metrics": {
    "num_boxes": 1,
    "total_area": 138402,
    "width": 699,
    "height": 198,
    "aspect_ratio": 3.5303030303030303
  },
  "image_dimensions": {
    "width": 1700,
    "height": 2200
  },
  "cropped_image": {
    "filename": "page_0001_elem_0005_text.jpg",
    "width": 699,
    "height": 198,
    "padding": 0
  }
}