{
  "element_id": "page_0001_elem_0024",
  "type": "text",
  "page": 1,
  "index": 24,
  "bounding_boxes": [
    {
      "x1": 862,
      "y1": 1697,
      "x2": 1563,
      "y2": 1893
    }
  ],
  "bounding_boxes_normalized": [
    {
      "x1": 0.5070588235294118,
      "y1": 0.7713636363636364,
      "x2": 0.9194117647058824,
      "y2": 0.8604545454545455
    }
  ],
  "metrics": {
    "num_boxes": 1,
    "total_area": 137396,
    "width": 701,
    "height": 196,
    "aspect_ratio": 3.576530612244898
  },
  "image_dimensions": {
    "width": 1700,
    "height": 2200
  },
  "cropped_image": {
    "filename": "page_0001_elem_0024_text.jpg",
    "width": 701,
    "height": 196,
    "padding": 0
  }
}