{
  "element_id": "page_0001_elem_0017",
  "type": "sub_title",
  "page": 1,
  "index": 17,
  "bounding_boxes": [
    {
      "x1": 864,
      "y1": 757,
      "x2": 1312,
      "y2": 788
    }
  ],
  "bounding_boxes_normalized": [
    {
      "x1": 0.508235294117647,
      "y1": 0.3440909090909091,
      "x2": 0.7717647058823529,
      "y2": 0.35818181818181816
    }
  ],
  "metrics": {
    "num_boxes": 1,
    "total_area": 13888,
    "width": 448,
    "height": 31,
    "aspect_ratio": 14.451612903225806
  },
  "image_dimensions": {
    "width": 1700,
    "height": 2200
  },
  "cropped_image": {
    "filename": "page_0001_elem_0017_sub_title.jpg",
    "width": 448,
    "height": 31,
    "padding": 0
  }
}