{
  "element_id": "page_0001_elem_0009",
  "type": "text",
  "page": 1,
  "index": 9,
  "bounding_boxes": [
    {
      "x1": 129,
      "y1": 1347,
      "x2": 830,
      "y2": 1446
    }
  ],
  "bounding_boxes_normalized": [
    {
      "x1": 0.07588235294117647,
      "y1": 0.6122727272727273,
      "x2": 0.48823529411764705,
      "y2": 0.6572727272727272
    }
  ],
  "metrics": {
    "num_boxes": 1,
    "total_area": 69399,
    "width": 701,
    "height": 99,
    "aspect_ratio": 7.08080808080808
  },
  "image_dimensions": {
    "width": 1700,
    "height": 2200
  },
  "cropped_image": {
    "filename": "page_0001_elem_0009_text.jpg",
    "width": 701,
    "height": 99,
    "padding": 0
  }
}