{
  "element_id": "page_0001_elem_0022",
  "type": "sub_title",
  "page": 1,
  "index": 22,
  "bounding_boxes": [
    {
      "x1": 862,
      "y1": 1552,
      "x2": 1420,
      "y2": 1585
    }
  ],
  "bounding_boxes_normalized": [
    {
      "x1": 0.5070588235294118,
      "y1": 0.7054545454545454,
      "x2": 0.8352941176470589,
      "y2": 0.7204545454545455
    }
  ],
  "metrics": {
    "num_boxes": 1,
    "total_area": 18414,
    "width": 558,
    "height": 33,
    "aspect_ratio": 16.90909090909091
  },
  "image_dimensions": {
    "width": 1700,
    "height": 2200
  },
  "cropped_image": {
    "filename": "page_0001_elem_0022_sub_title.jpg",
    "width": 558,
    "height": 33,
    "padding": 0
  }
}