{
  "element_id": "page_0001_elem_0000",
  "type": "sub_title",
  "page": 1,
  "index": 0,
  "bounding_boxes": [
    {
      "x1": 132,
      "y1": 136,
      "x2": 699,
      "y2": 169
    }
  ],
  "bounding_boxes_normalized": [
    {
      "x1": 0.07764705882352942,
      "y1": 0.06181818181818182,
      "x2": 0.4111764705882353,
      "y2": 0.07681818181818181
    }
  ],
  "metrics": {
    "num_boxes": 1,
    "total_area": 18711,
    "width": 567,
    "height": 33,
    "aspect_ratio": 17.181818181818183
  },
  "image_dimensions": {
    "width": 1700,
    "height": 2200
  },
  "cropped_image": {
    "filename": "page_0001_elem_0000_sub_title.jpg",
    "width": 567,
    "height": 33,
    "padding": 0
  }
}