{
  "element_id": "page_0001_elem_0008",
  "type": "sub_title",
  "page": 1,
  "index": 8,
  "bounding_boxes": [
    {
      "x1": 862,
      "y1": 744,
      "x2": 1560,
      "y2": 810
    }
  ],
  "bounding_boxes_normalized": [
    {
      "x1": 0.5070588235294118,
      "y1": 0.3381818181818182,
      "x2": 0.9176470588235294,
      "y2": 0.36818181818181817
    }
  ],
  "metrics": {
    "num_boxes": 1,
    "total_area": 46068,
    "width": 698,
    "height": 66,
    "aspect_ratio": 10.575757575757576
  },
  "image_dimensions": {
    "width": 1700,
    "height": 2200
  },
  "cropped_image": {
    "filename": "page_0001_elem_0008_sub_title.jpg",
    "width": 698,
    "height": 66,
    "padding": 0
  }
}