{
  "element_id": "page_0001_elem_0007",
  "type": "text",
  "page": 1,
  "index": 7,
  "bounding_boxes": [
    {
      "x1": 864,
      "y1": 471,
      "x2": 1562,
      "y2": 702
    }
  ],
  "bounding_boxes_normalized": [
    {
      "x1": 0.508235294117647,
      "y1": 0.21409090909090908,
      "x2": 0.9188235294117647,
      "y2": 0.3190909090909091
    }
  ],
  "metrics": {
    "num_boxes": 1,
    "total_area": 161238,
    "width": 698,
    "height": 231,
    "aspect_ratio": 3.0216450216450217
  },
  "image_dimensions": {
    "width": 1700,
    "height": 2200
  },
  "cropped_image": {
    "filename": "page_0001_elem_0007_text.jpg",
    "width": 698,
    "height": 231,
    "padding": 0
  }
}