{
  "element_id": "page_0001_elem_0001",
  "type": "sub_title",
  "page": 1,
  "index": 1,
  "bounding_boxes": [
    {
      "x1": 134,
      "y1": 502,
      "x2": 583,
      "y2": 535
    }
  ],
  "bounding_boxes_normalized": [
    {
      "x1": 0.07882352941176471,
      "y1": 0.22818181818181818,
      "x2": 0.34294117647058825,
      "y2": 0.2431818181818182
    }
  ],
  "metrics": {
    "num_boxes": 1,
    "total_area": 14817,
    "width": 449,
    "height": 33,
    "aspect_ratio": 13.606060606060606
  },
  "image_dimensions": {
    "width": 1700,
    "height": 2200
  },
  "cropped_image": {
    "filename": "page_0001_elem_0001_sub_title.jpg",
    "width": 449,
    "height": 33,
    "padding": 0
  }
}