{
  "element_id": "page_0001_elem_0001",
  "type": "text",
  "page": 1,
  "index": 1,
  "bounding_boxes": [
    {
      "x1": 192,
      "y1": 480,
      "x2": 1686,
      "y2": 709
    }
  ],
  "bounding_boxes_normalized": [
    {
      "x1": 0.11294117647058824,
      "y1": 0.21818181818181817,
      "x2": 0.991764705882353,
      "y2": 0.32227272727272727
    }
  ],
  "metrics": {
    "num_boxes": 1,
    "total_area": 342126,
    "width": 1494,
    "height": 229,
    "aspect_ratio": 6.524017467248909
  },
  "image_dimensions": {
    "width": 1700,
    "height": 2200
  },
  "cropped_image": {
    "filename": "page_0001_elem_0001_text.jpg",
    "width": 1494,
    "height": 229,
    "padding": 0
  }
}