{
  "element_id": "page_0001_elem_0010",
  "type": "text",
  "page": 1,
  "index": 10,
  "bounding_boxes": [
    {
      "x1": 864,
      "y1": 601,
      "x2": 1563,
      "y2": 766
    }
  ],
  "bounding_boxes_normalized": [
    {
      "x1": 0.508235294117647,
      "y1": 0.2731818181818182,
      "x2": 0.9194117647058824,
      "y2": 0.3481818181818182
    }
  ],
  "metrics": {
    "num_boxes": 1,
    "total_area": 115335,
    "width": 699,
    "height": 165,
    "aspect_ratio": 4.236363636363636
  },
  "image_dimensions": {
    "width": 1700,
    "height": 2200
  },
  "cropped_image": {
    "filename": "page_0001_elem_0010_text.jpg",
    "width": 699,
    "height": 165,
    "padding": 0
  }
}