{
  "element_id": "page_0001_elem_0017",
  "type": "sub_title",
  "page": 1,
  "index": 17,
  "bounding_boxes": [
    {
      "x1": 864,
      "y1": 1257,
      "x2": 1187,
      "y2": 1286
    }
  ],
  "bounding_boxes_normalized": [
    {
      "x1": 0.508235294117647,
      "y1": 0.5713636363636364,
      "x2": 0.6982352941176471,
      "y2": 0.5845454545454546
    }
  ],
  "metrics": {
    "num_boxes": 1,
    "total_area": 9367,
    "width": 323,
    "height": 29,
    "aspect_ratio": 11.137931034482758
  },
  "image_dimensions": {
    "width": 1700,
    "height": 2200
  },
  "cropped_image": {
    "filename": "page_0001_elem_0017_sub_title.jpg",
    "width": 323,
    "height": 29,
    "padding": 0
  }
}