{
  "element_id": "page_0001_elem_0004",
  "type": "sub_title",
  "page": 1,
  "index": 4,
  "bounding_boxes": [
    {
      "x1": 134,
      "y1": 843,
      "x2": 536,
      "y2": 876
    }
  ],
  "bounding_boxes_normalized": [
    {
      "x1": 0.07882352941176471,
      "y1": 0.3831818181818182,
      "x2": 0.31529411764705884,
      "y2": 0.3981818181818182
    }
  ],
  "metrics": {
    "num_boxes": 1,
    "total_area": 13266,
    "width": 402,
    "height": 33,
    "aspect_ratio": 12.181818181818182
  },
  "image_dimensions": {
    "width": 1700,
    "height": 2200
  },
  "cropped_image": {
    "filename": "page_0001_elem_0004_sub_title.jpg",
    "width": 402,
    "height": 33,
    "padding": 0
  }
}