{
  "element_id": "page_0001_elem_0003",
  "type": "text",
  "page": 1,
  "index": 3,
  "bounding_boxes": [
    {
      "x1": 134,
      "y1": 598,
      "x2": 832,
      "y2": 830
    }
  ],
  "bounding_boxes_normalized": [
    {
      "x1": 0.07882352941176471,
      "y1": 0.2718181818181818,
      "x2": 0.4894117647058824,
      "y2": 0.37727272727272726
    }
  ],
  "metrics": {
    "num_boxes": 1,
    "total_area": 161936,
    "width": 698,
    "height": 232,
    "aspect_ratio": 3.0086206896551726
  },
  "image_dimensions": {
    "width": 1700,
    "height": 2200
  },
  "cropped_image": {
    "filename": "page_0001_elem_0003_text.jpg",
    "width": 698,
    "height": 232,
    "padding": 0
  }
}