{
  "element_id": "page_0001_elem_0000",
  "type": "text",
  "page": 1,
  "index": 0,
  "bounding_boxes": [
    {
      "x1": 132,
      "y1": 136,
      "x2": 830,
      "y2": 202
    }
  ],
  "bounding_boxes_normalized": [
    {
      "x1": 0.07764705882352942,
      "y1": 0.06181818181818182,
      "x2": 0.48823529411764705,
      "y2": 0.09181818181818181
    }
  ],
  "metrics": {
    "num_boxes": 1,
    "total_area": 46068,
    "width": 698,
    "height": 66,
    "aspect_ratio": 10.575757575757576
  },
  "image_dimensions": {
    "width": 1700,
    "height": 2200
  },
  "cropped_image": {
    "filename": "page_0001_elem_0000_text.jpg",
    "width": 698,
    "height": 66,
    "padding": 0
  }
}