{
  "element_id": "page_0001_elem_0005",
  "type": "text",
  "page": 1,
  "index": 5,
  "bounding_boxes": [
    {
      "x1": 134,
      "y1": 883,
      "x2": 832,
      "y2": 1081
    }
  ],
  "bounding_boxes_normalized": [
    {
      "x1": 0.07882352941176471,
      "y1": 0.40136363636363637,
      "x2": 0.4894117647058824,
      "y2": 0.4913636363636364
    }
  ],
  "metrics": {
    "num_boxes": 1,
    "total_area": 138204,
    "width": 698,
    "height": 198,
    "aspect_ratio": 3.525252525252525
  },
  "image_dimensions": {
    "width": 1700,
    "height": 2200
  },
  "cropped_image": {
    "filename": "page_0001_elem_0005_text.jpg",
    "width": 698,
    "height": 198,
    "padding": 0
  }
}