{
  "element_id": "page_0001_elem_0011",
  "type": "text",
  "page": 1,
  "index": 11,
  "bounding_boxes": [
    {
      "x1": 132,
      "y1": 1898,
      "x2": 832,
      "y2": 1992
    }
  ],
  "bounding_boxes_normalized": [
    {
      "x1": 0.07764705882352942,
      "y1": 0.8627272727272727,
      "x2": 0.4894117647058824,
      "y2": 0.9054545454545454
    }
  ],
  "metrics": {
    "num_boxes": 1,
    "total_area": 65800,
    "width": 700,
    "height": 94,
    "aspect_ratio": 7.446808510638298
  },
  "image_dimensions": {
    "width": 1700,
    "height": 2200
  },
  "cropped_image": {
    "filename": "page_0001_elem_0011_text.jpg",
    "width": 700,
    "height": 94,
    "padding": 0
  }
}