{
  "element_id": "page_0001_elem_0007",
  "type": "text",
  "page": 1,
  "index": 7,
  "bounding_boxes": [
    {
      "x1": 134,
      "y1": 1248,
      "x2": 832,
      "y2": 1444
    }
  ],
  "bounding_boxes_normalized": [
    {
      "x1": 0.07882352941176471,
      "y1": 0.5672727272727273,
      "x2": 0.4894117647058824,
      "y2": 0.6563636363636364
    }
  ],
  "metrics": {
    "num_boxes": 1,
    "total_area": 136808,
    "width": 698,
    "height": 196,
    "aspect_ratio": 3.561224489795918
  },
  "image_dimensions": {
    "width": 1700,
    "height": 2200
  },
  "cropped_image": {
    "filename": "page_0001_elem_0007_text.jpg",
    "width": 698,
    "height": 196,
    "padding": 0
  }
}