{
  "element_id": "page_0001_elem_0018",
  "type": "text",
  "page": 1,
  "index": 18,
  "bounding_boxes": [
    {
      "x1": 862,
      "y1": 1299,
      "x2": 1562,
      "y2": 1662
    }
  ],
  "bounding_boxes_normalized": [
    {
      "x1": 0.5070588235294118,
      "y1": 0.5904545454545455,
      "x2": 0.9188235294117647,
      "y2": 0.7554545454545455
    }
  ],
  "metrics": {
    "num_boxes": 1,
    "total_area": 254100,
    "width": 700,
    "height": 363,
    "aspect_ratio": 1.9283746556473829
  },
  "image_dimensions": {
    "width": 1700,
    "height": 2200
  },
  "cropped_image": {
    "filename": "page_0001_elem_0018_text.jpg",
    "width": 700,
    "height": 363,
    "padding": 0
  }
}