{
  "element_id": "page_0001_elem_0002",
  "type": "text",
  "page": 1,
  "index": 2,
  "bounding_boxes": [
    {
      "x1": 134,
      "y1": 403,
      "x2": 832,
      "y2": 598
    }
  ],
  "bounding_boxes_normalized": [
    {
      "x1": 0.07882352941176471,
      "y1": 0.1831818181818182,
      "x2": 0.4894117647058824,
      "y2": 0.2718181818181818
    }
  ],
  "metrics": {
    "num_boxes": 1,
    "total_area": 136110,
    "width": 698,
    "height": 195,
    "aspect_ratio": 3.5794871794871796
  },
  "image_dimensions": {
    "width": 1700,
    "height": 2200
  },
  "cropped_image": {
    "filename": "page_0001_elem_0002_text.jpg",
    "width": 698,
    "height": 195,
    "padding": 0
  }
}