{
  "element_id": "page_0001_elem_0015",
  "type": "sub_title",
  "page": 1,
  "index": 15,
  "bounding_boxes": [
    {
      "x1": 864,
      "y1": 790,
      "x2": 1174,
      "y2": 821
    }
  ],
  "bounding_boxes_normalized": [
    {
      "x1": 0.508235294117647,
      "y1": 0.35909090909090907,
      "x2": 0.6905882352941176,
      "y2": 0.37318181818181817
    }
  ],
  "metrics": {
    "num_boxes": 1,
    "total_area": 9610,
    "width": 310,
    "height": 31,
    "aspect_ratio": 10.0
  },
  "image_dimensions": {
    "width": 1700,
    "height": 2200
  },
  "cropped_image": {
    "filename": "page_0001_elem_0015_sub_title.jpg",
    "width": 310,
    "height": 31,
    "padding": 0
  }
}