{
  "element_id": "page_0001_elem_0020",
  "type": "text",
  "page": 1,
  "index": 20,
  "bounding_boxes": [
    {
      "x1": 862,
      "y1": 1730,
      "x2": 1562,
      "y2": 1992
    }
  ],
  "bounding_boxes_normalized": [
    {
      "x1": 0.5070588235294118,
      "y1": 0.7863636363636364,
      "x2": 0.9188235294117647,
      "y2": 0.9054545454545454
    }
  ],
  "metrics": {
    "num_boxes": 1,
    "total_area": 183400,
    "width": 700,
    "height": 262,
    "aspect_ratio": 2.6717557251908395
  },
  "image_dimensions": {
    "width": 1700,
    "height": 2200
  },
  "cropped_image": {
    "filename": "page_0001_elem_0020_text.jpg",
    "width": 700,
    "height": 262,
    "padding": 0
  }
}